Ticker,Price,Currency,Target_Price,Upside_Potential,Num_Analysts,Strong_Buy,Buy,Hold,Sell,Strong_Sell,Rating,Sector,Trailing_PE,Forward_PE,Dividend_Yield
NKE,35.4,USD,45.62778,28.89,36,1,9,26,3,3,hold,Consumer Cyclical,16.857143,16.411684,4.58
SSRM.TO,47.44,CAD,59.54424,25.51,7,4,6,0,0,0,strong_buy,Basic Materials,12.583554,7.3092713,0.09
OLA.TO,13.46,CAD,23.75994,76.52,4,3,2,0,1,0,buy,Basic Materials,13.326733,7.6260624,0.0062
ELD.TO,54.8,CAD,72.185295,31.72,6,3,4,4,0,0,buy,Basic Materials,13.497537,7.2672124,0.75
MCHP,77.77,USD,107.84,38.67,25,2,18,6,0,0,buy,Technology,114.36764,16.967197,2.31
ULTA,546.17,USD,630.64,15.47,25,4,15,9,0,0,buy,Consumer Cyclical,19.896902,17.021418,0.0
DVA,174.92,USD,219.85715,25.69,7,0,3,4,0,1,buy,Healthcare,14.811176,10.203683,0.0
GIL.TO,60.63,CAD,105.98953,74.81,6,5,6,2,0,0,buy,Consumer Cyclical,33.131145,7.81221,2.28
CDNS,330.185,USD,405.47116,22.8,26,5,18,2,0,0,strong_buy,Technology,65.7739,34.54678,0.0
CPX.TO,61.3,CAD,77.69231,26.74,13,4,6,2,1,0,buy,Utilities,107.54386,21.2524,4.52
MA,551.47,USD,666.7138,20.9,37,9,27,4,0,0,strong_buy,Financial Services,30.300547,23.951118,0.62
ESS,269.39,USD,304.07,12.87,25,6,4,14,1,1,hold,Real Estate,42.026524,42.762764,3.78
ADI,396.71,USD,470.71875,18.66,32,6,24,4,0,0,strong_buy,Technology,47.227383,24.2664,1.1
TFC,46.3,USD,54.89722,18.57,18,2,5,11,1,2,hold,Financial Services,10.643679,9.304457,4.48
ICE,152.03,USD,187.2857,23.19,14,5,9,1,0,0,strong_buy,Financial Services,21.442877,17.2749,1.37
UDR,33.55,USD,41.45238,23.55,21,1,8,11,1,1,buy,Real Estate,21.234177,59.910713,5.13
INTC,120.23,USD,116.37209,-3.21,43,1,14,32,1,1,buy,Technology,,58.30521,0.0
XYL,101.27,USD,153.875,51.95,16,4,10,7,0,0,buy,Industrials,24.111904,16.214848,1.7
NI,39.0,USD,49.13333,25.98,15,4,9,3,0,0,buy,Utilities,20.74468,17.309101,3.05
CAR-UN.TO,31.65,CAD,40.99214,29.52,14,5,5,3,0,1,none,Real Estate,,12.559524,4.92
DXCM,86.29,USD,94.48,9.49,25,3,22,3,0,0,strong_buy,Healthcare,34.10672,27.642345,0.0
MNST,41.62,USD,50.23913,20.71,23,3,11,10,0,1,buy,Consumer Defensive,38.537033,31.791376,0.0
TJX,132.31,USD,169.8,28.33,20,5,13,4,0,0,none,Consumer Cyclical,24.456562,22.916695,1.43
KO,86.08,USD,94.65217,9.96,23,7,12,4,0,1,buy,Consumer Defensive,25.849852,24.410301,2.44
HR-UN.TO,9.58,CAD,11.7,22.13,5,1,1,3,0,0,none,Real Estate,,7.725806,6.3
AMAT,511.38,USD,638.94446,24.95,36,4,29,7,0,0,strong_buy,Technology,44.19879,27.702793,0.41
OMC,73.63,USD,102.0,38.53,12,3,5,4,0,1,buy,Communication Services,198.99998,6.3159914,4.32
AJG,228.11,USD,289.3889,26.86,18,4,12,6,0,0,buy,Financial Services,37.766556,15.34887,1.23
SWKS,85.48,USD,68.35294,-20.04,17,1,1,19,1,1,hold,Technology,44.290157,17.22467,4.13
CLS.TO,514.95,CAD,684.62366,32.95,5,5,17,0,0,0,strong_buy,Technology,37.69766,18.687601,0.0
C,129.48,USD,154.9,19.63,20,5,12,5,0,0,buy,Financial Services,13.967636,10.029582,2.05
FITB,50.58,USD,62.65,23.86,20,4,12,5,0,0,buy,Financial Services,17.030304,10.212117,3.3
FIX,1654.09,USD,2197.0,32.82,8,0,9,1,0,0,none,Industrials,40.71105,27.486404,0.22
QSR.TO,101.27,CAD,117.08,15.61,4,3,14,9,0,1,buy,Consumer Cyclical,18.019573,16.383894,3.59
T.TO,11.95,CAD,14.19444,18.78,18,1,2,11,2,2,hold,Communication Services,,15.672542,12.47
AG.TO,25.18,CAD,34.75,38.01,4,2,3,1,0,0,buy,Basic Materials,25.434343,17.642319,0.33
AVY,170.67,USD,201.8,18.24,10,2,7,2,0,0,buy,Consumer Cyclical,18.672865,15.257137,2.34
EW,86.32,USD,100.96154,16.96,26,4,18,7,0,0,buy,Healthcare,51.380955,25.56009,0.0
CAH,222.5,USD,270.33334,21.5,15,3,11,3,0,0,buy,Healthcare,30.77455,15.82723,0.92
NBIS,235.88,USD,283.57895,20.22,19,2,6,1,1,0,buy,Communication Services,,-67.576744,0.0
BAX,24.0,USD,28.72727,19.7,11,0,2,11,0,0,hold,Healthcare,,11.785503,0.17
NXPI,237.53,USD,311.10345,30.97,29,6,16,7,1,0,buy,Technology,20.249788,13.126751,1.72
GFL.TO,59.46,CAD,73.25,23.19,12,6,10,3,0,2,buy,Industrials,,40.454758,0.16
IBM,219.93,USD,240.59,9.39,22,3,9,10,1,1,buy,Technology,19.531971,16.727602,3.07
AMD,611.76,USD,618.508,1.1,50,5,39,11,0,0,strong_buy,Technology,154.87595,39.270035,0.0
AQN.TO,7.15,CAD,9.901865,38.49,3,5,0,7,0,0,hold,Utilities,21.029411,12.336581,5.09
GE,312.29,USD,397.2857,27.22,21,3,15,3,0,1,buy,Industrials,36.783276,34.414356,0.59
CJT.TO,88.75,CAD,121.92308,37.38,13,7,5,1,0,0,buy,Industrials,28.721684,19.633871,1.76
WSM,227.94,USD,247.85,8.73,20,2,9,11,0,1,none,Consumer Cyclical,23.378462,21.679419,1.32
HRL,19.94,USD,26.125,31.02,8,2,1,7,0,0,none,Consumer Defensive,32.16129,12.835285,5.89
CIGI.TO,127.57,CAD,196.7622,54.24,4,4,5,4,0,0,buy,Real Estate,42.66555,10.5490265,0.33
FSLR,175.16,USD,276.17133,57.67,30,10,16,9,0,1,buy,Technology,10.799014,7.545349,0.0
ASM.TO,7.9,CAD,9.2,16.46,2,0,3,1,0,0,none,Basic Materials,21.35135,6.923751,0.0
PODD,130.47,USD,171.90909,31.76,22,4,11,10,0,0,buy,Healthcare,24.478424,16.908844,0.0
TSLA,354.81,USD,395.83212,11.56,38,4,15,20,2,2,buy,Consumer Cyclical,325.51376,164.03606,0.0
PSX,255.31,USD,254.05263,-0.49,19,3,9,6,1,1,buy,Energy,14.564175,9.911776,2.01
ADM,79.38,USD,80.4,1.28,10,0,1,8,0,2,hold,Consumer Defensive,21.688524,13.999703,2.62
TT,451.98,USD,526.67365,16.53,22,2,12,11,0,0,buy,Industrials,33.629467,25.662369,0.92
AOS,56.37,USD,69.90909,24.02,11,1,4,6,1,1,hold,Industrials,15.789916,13.794842,2.48
MDLZ,57.82,USD,69.22727,19.73,22,5,10,8,0,0,buy,Consumer Defensive,21.179487,17.194006,3.51
BCE.TO,28.97,CAD,37.44444,29.25,18,6,5,7,0,1,buy,Communication Services,4.2982197,10.914448,6.11
K.TO,34.3,CAD,52.18168,52.13,8,6,10,1,1,0,buy,Basic Materials,9.220429,8.742093,0.64
LB.TO,40.66,CAD,40.25,-1.01,2,0,0,2,0,0,hold,Financial Services,,14.3929205,4.62
SLB,48.72,USD,62.51724,28.32,29,7,19,2,1,1,buy,Energy,23.765854,15.073325,2.37
RVTY,152.89,USD,130.26666,-14.8,15,0,5,11,0,1,buy,Healthcare,73.50481,25.952488,0.18
CRH,82.8,USD,133.16875,60.83,24,5,17,1,0,0,strong_buy,Basic Materials,14.628976,12.749956,1.85
CNR.TO,169.4,CAD,189.73685,12.01,19,5,10,14,1,0,buy,Industrials,21.745827,18.810684,2.14
FANG,183.81,USD,234.51724,27.59,29,5,21,5,0,0,strong_buy,Energy,35.01143,9.796705,2.39
GEHC,65.37,USD,83.05263,27.05,19,5,10,5,0,0,buy,Healthcare,15.062212,12.078246,0.24
IPCO.TO,33.94,CAD,41.503094,22.28,9,3,5,5,0,0,buy,Energy,125.7037,11.299075,0.0
TA.TO,17.22,CAD,23.68182,37.53,11,4,5,1,0,1,buy,Utilities,,29.104061,1.67
TIH.TO,226.98,CAD,253.5,11.68,10,5,4,1,0,0,buy,Industrials,36.08585,24.47361,0.99
DVN,46.04,USD,60.39286,31.17,28,3,23,3,0,0,strong_buy,Energy,10.008696,8.545533,2.75
IRM,110.95,USD,144.90909,30.61,11,4,7,0,1,0,buy,Real Estate,79.25,40.64549,3.1
PH,955.42,USD,1159.4554,21.36,24,3,16,6,1,0,buy,Industrials,33.60605,24.238749,0.82
KMP-UN.TO,17.48,CAD,21.10417,20.73,12,6,4,2,0,0,buy,Real Estate,249.71428,13.550387,4.15
UNH,367.08,USD,481.72,31.23,25,7,15,4,0,0,buy,Healthcare,23.591259,16.235157,2.48
BRK-B,497.95,USD,547.6667,9.98,3,0,2,2,0,0,buy,Financial Services,12.514451,22.437721,0.0
MOS,21.65,USD,26.77222,23.66,18,4,5,9,1,1,buy,Basic Materials,,13.8385515,3.93
STT,174.59,USD,199.5,14.27,14,2,7,6,0,1,buy,Financial Services,15.423145,11.393469,2.07
PCG,12.25,USD,19.21875,56.89,16,2,6,9,0,0,buy,Utilities,8.81295,6.799436,1.64
MAS,67.4,USD,80.33333,19.19,18,1,6,13,0,1,buy,Industrials,15.529954,14.477251,1.87
BSX,43.65,USD,61.0,39.75,29,8,17,6,0,0,buy,Healthcare,17.672066,12.790947,0.0
IAU.TO,2.36,CAD,4.261376,80.57,6,3,3,0,0,0,strong_buy,Basic Materials,,-39.227085,0.0
PANW,397.31,USD,396.12,-0.3,50,10,32,11,1,1,buy,Technology,1018.7436,81.4315,0.0
IQV,268.85,USD,288.73685,7.4,19,3,16,3,0,0,strong_buy,Healthcare,33.439056,18.577368,0.0
TXN,280.09,USD,324.7097,15.93,31,3,17,14,2,0,buy,Technology,42.502274,26.312254,2.16
EMP-A.TO,48.06,CAD,53.0,10.28,7,1,1,4,0,1,none,Consumer Defensive,48.545456,12.445394,2.01
PLD,129.84,USD,158.23077,21.87,13,3,7,7,0,0,buy,Real Estate,28.853333,38.952038,3.23
URI,1000.78,USD,1269.3334,26.83,21,4,12,5,0,1,buy,Industrials,24.086163,17.460157,0.78
EQT,48.56,USD,67.5,39.0,26,4,18,4,0,0,strong_buy,Energy,11.266822,12.913451,1.35
VTRS,17.72,USD,19.4,9.48,10,1,6,4,0,1,buy,Healthcare,,6.628536,2.65
BYD.TO,111.7,CAD,227.9652,104.09,13,6,8,1,0,0,buy,Consumer Cyclical,174.53125,16.20202,0.56
ZBH,88.83,USD,107.57143,21.1,21,3,6,18,0,0,buy,Healthcare,21.56068,9.796785,1.05
INVH,26.33,USD,33.52174,27.31,23,5,9,11,0,0,buy,Real Estate,24.155962,37.03808,4.52
BNY,144.63,USD,167.35715,15.71,14,3,6,6,0,1,buy,Financial Services,16.876314,14.109667,1.51
ETR,99.26,USD,122.675,23.59,20,4,13,5,0,1,buy,Utilities,25.386189,19.445969,2.57
LLY,1157.08,USD,1328.8337,14.84,29,6,19,3,1,1,buy,Healthcare,38.91961,24.439667,0.58
MSCI,538.66,USD,691.7647,28.42,17,4,12,1,0,1,strong_buy,Financial Services,29.418896,23.953316,1.52
APH,84.3,USD,99.68421,18.25,19,4,13,2,0,0,strong_buy,Technology,42.15,25.641493,0.59
PHM,116.06,USD,140.8,21.32,15,2,8,5,1,0,buy,Consumer Cyclical,11.854954,10.523166,0.88
LNR.TO,95.78,CAD,113.66667,18.67,6,0,3,3,0,0,buy,Consumer Cyclical,8.357766,7.328743,1.31
EQX.TO,15.8,CAD,24.985933,58.14,10,5,6,0,0,0,strong_buy,Basic Materials,17.173912,7.3906965,0.45
PAYX,98.5,USD,113.92857,15.66,14,0,2,15,2,0,hold,Technology,19.543652,15.418185,4.79
TSN,50.53,USD,64.25,27.15,12,3,2,7,0,1,hold,Consumer Defensive,31.191357,12.240972,4.0
FTS.TO,75.17,CAD,82.17857,9.32,14,3,3,7,1,1,hold,Utilities,22.108822,19.374859,3.4
AZO,2830.02,USD,3708.7083,31.05,24,5,19,4,0,0,strong_buy,Consumer Cyclical,19.47306,14.71786,0.0
LOW,184.29,USD,251.09091,36.25,33,5,18,11,0,1,buy,Consumer Cyclical,15.578191,14.151323,2.67
DECK,78.14,USD,120.40909,54.09,22,5,8,11,3,0,buy,Consumer Cyclical,11.11522,9.385488,0.0
IAG.TO,202.98,CAD,219.2857,8.03,7,0,1,6,0,0,hold,Financial Services,17.468159,12.847559,2.13
RBA.TO,115.91,CAD,157.45296,35.84,2,5,6,1,0,0,buy,Industrials,35.338417,16.83783,1.6
IFF,83.48,USD,96.29412,15.35,17,5,10,5,0,0,buy,Basic Materials,,21.075434,1.88
FTV,54.81,USD,64.0,16.77,14,1,3,10,1,1,hold,Technology,29.0,16.861502,0.51
BRO,60.9,USD,76.375,25.41,16,2,2,14,1,0,hold,Financial Services,19.45687,12.624117,1.09
ROST,233.4,USD,270.55557,15.92,18,2,12,5,0,1,buy,Consumer Cyclical,28.222488,26.011482,0.76
DTE,121.8,USD,154.42857,26.79,14,1,9,7,0,0,buy,Utilities,19.272152,14.561331,3.81
STX,922.34,USD,1125.0,21.97,23,4,18,2,0,1,none,Technology,66.45101,16.657337,0.32
CDW,128.16,USD,158.66667,23.8,9,2,5,3,0,0,buy,Technology,15.422382,10.666463,1.94
CCI,66.65,USD,94.44762,41.71,21,3,9,10,0,1,buy,Real Estate,27.204082,22.983234,6.34
DHI,136.65,USD,158.91667,16.29,12,0,4,13,0,1,hold,Consumer Cyclical,13.22846,11.749976,1.29
INTU,275.71,USD,405.6,47.11,31,5,15,12,1,1,buy,Technology,16.750303,10.183037,2.06
RCL,265.86,USD,350.44443,31.82,27,4,18,7,0,0,buy,Consumer Cyclical,16.421246,13.007931,2.3
SBAC,160.12,USD,225.85,41.05,20,3,8,10,0,0,buy,Real Estate,17.272923,19.56388,3.07
LDOS,121.83,USD,157.73334,29.47,15,3,4,10,0,0,buy,Technology,11.37535,9.555069,1.4
LII,355.02,USD,484.07144,36.35,14,1,5,11,1,0,buy,Industrials,15.771656,13.592424,1.51
BLX.TO,37.24,CAD,37.25,0.03,1,0,0,1,0,0,hold,Utilities,,60.064518,0.0177
DUK,114.01,USD,136.94444,20.12,18,3,9,10,0,0,buy,Utilities,17.170181,15.897939,3.8
KHC,22.72,USD,25.47222,12.11,18,1,1,14,0,4,hold,Consumer Defensive,,10.883468,6.82
CIEN,351.82,USD,512.9907,45.81,20,5,11,5,0,0,buy,Technology,78.70694,29.743845,0.0
CMI,516.57,USD,741.26,43.5,20,4,11,8,0,0,buy,Industrials,26.42302,14.939886,1.69
IEX,227.98,USD,255.92857,12.26,14,1,9,5,0,0,none,Industrials,32.80288,23.684166,1.27
WBD,30.95,USD,30.16667,-2.53,12,0,2,16,1,1,hold,Communication Services,,497.4285,0.0
NWSA,28.65,USD,36.1625,26.22,8,2,5,1,0,0,strong_buy,Communication Services,27.815535,18.951923,0.7
PFE,28.52,USD,28.875,1.24,26,2,8,16,1,1,buy,Healthcare,37.526318,9.84521,5.99
AVGO,351.19,USD,531.8468,51.44,47,7,40,3,0,0,strong_buy,Technology,45.256443,18.117605,0.73
AWK,129.47,USD,141.45454,9.26,11,0,3,9,0,1,hold,Utilities,22.399652,19.718697,2.76
GWW,1245.76,USD,1331.6428,6.89,14,1,3,13,0,2,hold,Industrials,31.771488,24.454767,0.8
ES,64.16,USD,73.58333,14.69,12,1,4,8,1,2,hold,Utilities,16.664936,13.0500145,4.93
GMIN.TO,48.48,CAD,62.46154,28.84,13,4,9,0,0,0,strong_buy,Basic Materials,21.837837,20.219376,0.0
DIR-UN.TO,12.75,CAD,16.225,27.25,10,5,5,0,0,0,strong_buy,Real Estate,21.98276,11.283186,5.61
BNS.TO,129.41,CAD,132.85715,2.66,14,3,2,8,0,1,hold,Financial Services,16.91634,13.6354685,3.47
NFLX,69.58,USD,92.81556,33.39,45,7,28,15,1,0,buy,Communication Services,21.880503,18.250301,0.0
BDX,179.0,USD,195.66667,9.31,12,1,6,7,0,0,buy,Healthcare,30.91537,13.46625,2.31
TSCO,31.29,USD,35.48148,13.4,27,3,12,15,0,0,buy,Consumer Cyclical,16.296875,15.277202,3.05
FFH.TO,2219.06,CAD,2727.2642,22.9,7,3,0,3,0,1,none,Financial Services,7.763294,9.535338,0.93
REI-UN.TO,20.73,CAD,24.22917,16.88,12,5,4,2,0,1,buy,Real Estate,24.10465,12.796296,5.58
XYZ,73.53,USD,98.36357,33.77,42,10,28,9,0,0,buy,Technology,131.30357,14.147922,0.0
WAB,287.18,USD,329.58334,14.77,12,1,9,2,0,0,strong_buy,Industrials,38.651413,23.056461,0.43
EQB.TO,125.8,CAD,138.4,10.02,10,2,3,3,1,1,buy,Financial Services,,10.777469,1.99
SCHW,97.74,USD,125.45,28.35,20,7,11,3,0,1,buy,Financial Services,17.80328,12.482041,1.29
WRB,67.54,USD,69.41176,2.77,17,0,2,9,4,3,hold,Financial Services,13.8971195,13.931144,0.59
MTB,217.6,USD,257.69443,18.43,18,2,3,14,1,0,hold,Financial Services,11.513228,10.31417,2.76
APA,41.54,USD,45.96,10.64,25,2,8,14,3,0,hold,Energy,8.763714,9.292649,2.37
CB,325.25,USD,365.91302,12.5,23,2,7,14,0,2,buy,Financial Services,11.521431,11.175751,1.23
TMUS,163.08,USD,243.52,49.33,25,9,14,5,0,0,buy,Communication Services,17.040752,11.295881,2.87
LSPD.TO,13.9,CAD,18.042479,29.8,8,2,4,10,0,2,hold,Technology,,10.499506,0.0
TSU.TO,40.8,CAD,57.38889,40.66,9,5,3,1,0,0,none,Financial Services,12.631578,11.607331,0.0
BA,186.05,USD,273.1154,46.8,26,6,18,4,0,0,strong_buy,Industrials,66.92446,45.08303,0.0
ABX.TO,57.87,CAD,67.10228,15.95,12,8,11,4,0,1,buy,Basic Materials,10.560219,9.311746,1.66
KNT.TO,28.27,CAD,35.5,25.57,10,6,4,0,0,0,buy,Basic Materials,13.591347,8.44526,0.0
PMZ-UN.TO,22.2,CAD,25.5,14.86,8,3,4,1,0,0,buy,Real Estate,21.5534,12.542374,4.0
BG,106.95,USD,141.77779,32.56,9,3,5,1,0,0,buy,Consumer Defensive,23.049568,9.49652,2.66
FLEX,109.99,USD,160.5,45.92,10,3,8,0,0,0,strong_buy,Technology,42.30385,15.467345,0.0
NWC.TO,54.82,CAD,61.25,11.73,4,1,3,0,0,0,none,Consumer Defensive,18.773972,14.564294,3.08
BE,276.98,USD,281.58463,1.66,26,5,10,12,1,1,buy,Industrials,364.4474,56.19726,0.0
GOOG,340.74,USD,422.336,23.95,15,13,42,5,0,0,strong_buy,Communication Services,17.088264,22.608173,0.26
PNC,222.26,USD,276.975,24.62,20,5,11,6,0,0,buy,Financial Services,12.24573,10.368766,3.61
DOO.TO,79.92,CAD,103.26667,29.21,15,5,7,8,0,0,buy,Consumer Cyclical,51.896103,14.613301,1.23
FSV.TO,182.21,CAD,240.57005,32.03,1,3,5,2,0,0,buy,Real Estate,36.515034,19.18132,0.93
MS,188.08,USD,234.61905,24.74,21,2,9,13,1,0,buy,Financial Services,15.1922455,13.78916,2.39
IIP-UN.TO,13.54,CAD,13.55,0.07,1,0,0,0,0,0,strong_buy,Real Estate,338.5,19.911764,0.0293
FM.TO,38.23,CAD,50.24619,31.43,22,7,10,5,0,0,buy,Basic Materials,,13.324948,0.0
TFPM.TO,43.79,CAD,60.470264,38.09,8,3,5,3,0,0,buy,Basic Materials,15.473499,20.06937,0.76
ACN,183.37,USD,193.02959,5.27,24,3,9,15,0,0,buy,Technology,14.646165,12.504645,3.68
KVUE,17.66,USD,19.5,10.42,12,1,1,12,0,0,none,Consumer Defensive,20.77647,14.244118,4.69
GPC,125.74,USD,139.22221,10.72,9,1,4,6,0,0,buy,Consumer Cyclical,502.96,15.123996,3.35
MTD,1510.95,USD,1458.0769,-3.5,13,1,4,7,1,1,hold,Healthcare,34.007427,29.20722,0.0
BALL,56.03,USD,72.57143,29.52,14,3,9,3,0,0,buy,Consumer Cyclical,16.054441,12.388426,1.41
GPN,81.67,USD,105.0,28.57,30,2,12,20,1,1,buy,Industrials,38.70616,5.1010814,1.2
DOL.TO,184.0,CAD,207.4706,12.76,17,5,7,4,0,1,buy,Consumer Defensive,36.87375,31.433432,0.25
PFG,111.96,USD,112.08333,0.11,12,2,0,8,0,2,hold,Financial Services,15.948718,10.750479,2.95
KMI,30.15,USD,36.09091,19.7,22,2,10,13,0,0,buy,Energy,19.451612,19.520374,3.88
CRR-UN.TO,15.96,CAD,18.575,16.38,10,5,3,2,0,0,buy,Real Estate,,23.130434,5.69
BIP-UN.TO,50.65,CAD,62.310635,23.02,1,3,6,1,0,0,buy,Utilities,57.55682,24.657944,5.01
WPM.TO,190.05,CAD,251.26712,32.21,7,5,11,0,0,0,strong_buy,Basic Materials,29.835165,26.923958,0.56
EBAY,106.05,USD,116.11111,9.49,27,4,8,17,2,1,hold,Consumer Cyclical,22.279411,15.798741,1.18
CSCO,107.63,USD,136.16,26.51,25,5,14,10,0,0,buy,Technology,32.32132,19.14484,1.57
CEU.TO,17.9,CAD,22.22222,24.15,9,6,2,1,0,0,buy,Energy,19.45652,13.59924,1.22
LMT,509.25,USD,636.7368,25.03,19,2,6,12,1,0,buy,Industrials,18.791513,15.547657,2.69
KR,58.62,USD,68.13636,16.23,22,0,12,12,0,0,buy,Consumer Defensive,31.686485,10.638394,2.57
FISV,45.18,USD,59.76923,32.29,26,2,5,26,1,1,hold,Unknown,8.655172,5.6305733,0.0
PYPL,52.53,USD,56.91719,8.35,32,3,4,32,3,0,hold,Financial Services,9.930057,9.079878,1.04
GLW,153.76,USD,187.0,21.62,17,0,13,5,0,0,buy,Technology,70.85714,35.329094,0.71
SNDK,1739.89,USD,2136.5417,22.8,24,4,17,3,0,1,buy,Technology,23.610937,6.6033607,0.0
SJ.TO,67.45,CAD,87.22222,29.31,9,3,2,3,0,1,none,Basic Materials,14.290255,11.048031,1.95
AFL,111.78,USD,118.53333,6.04,15,2,1,8,3,1,hold,Financial Services,12.058251,14.799907,2.15
GILD,149.05,USD,158.65385,6.44,26,6,15,5,0,1,buy,Healthcare,,15.072136,2.17
AIZ,263.5,USD,330.0,25.24,6,3,4,0,0,0,none,Financial Services,12.619732,11.244605,1.34
GEV,950.49,USD,1230.341,29.44,33,6,24,7,0,0,buy,Industrials,27.281572,37.82929,0.21
GEN,22.02,USD,32.55556,47.85,9,0,4,6,0,0,buy,Technology,12.8771925,6.658221,2.4
FRU.TO,16.47,CAD,18.77273,13.98,11,0,3,8,0,0,buy,Energy,19.376469,20.98089,6.58
LUG.TO,87.24,CAD,95.93746,9.97,13,1,3,11,0,0,hold,Basic Materials,16.00734,14.369554,6.77
QCOM,184.04,USD,194.13333,5.48,30,2,9,23,1,2,hold,Technology,21.057207,18.036045,2.0
NGEX.TO,24.7,CAD,36.430515,47.49,8,4,4,1,0,0,buy,Basic Materials,,-47.206497,0.0
VZ,45.87,USD,51.55652,12.4,23,3,8,15,0,0,buy,Communication Services,11.9453125,8.686743,6.15
MPC,395.42,USD,375.5,-5.04,18,4,5,9,0,1,buy,Energy,13.706066,8.389233,1.02
CF,115.2,USD,127.686,10.84,20,3,3,13,2,1,hold,Basic Materials,8.545994,10.4238205,2.07
ETN,429.71,USD,482.2027,12.22,26,5,19,3,0,1,strong_buy,Industrials,43.669712,26.561264,1.02
EFR.TO,15.73,CAD,40.625,158.26,4,1,7,0,0,0,strong_buy,Energy,,23.23486,0.0
NTAP,210.08,USD,198.25,-5.63,16,2,6,12,0,0,buy,Technology,29.714285,18.89049,0.99
HLT,318.12,USD,353.0,10.96,26,4,13,10,0,1,none,Consumer Cyclical,46.64516,30.42743,0.19
SO,82.89,USD,98.65789,19.02,19,1,6,14,2,0,hold,Utilities,19.973494,16.836576,3.64
EFX.TO,32.38,CAD,45.0625,39.17,8,5,4,1,0,0,buy,Energy,52.225807,12.279105,0.53
GEI.TO,30.44,CAD,33.0,8.41,14,5,3,5,0,1,buy,Energy,30.44,20.06116,5.94
PGR,207.31,USD,231.38095,11.61,21,4,4,16,1,0,hold,Financial Services,10.396689,12.728862,0.19
CRL,295.01,USD,305.0,3.39,15,4,11,2,1,0,buy,Healthcare,,23.161764,0.0
CMCSA,21.76,USD,28.96913,33.13,23,1,8,15,3,1,hold,Communication Services,6.9743595,6.0730724,6.11
AEP,118.64,USD,142.975,20.51,20,3,10,10,0,0,buy,Utilities,20.561525,17.302431,3.19
VTR,85.02,USD,101.81818,19.76,22,4,14,5,0,0,buy,Real Estate,154.5818,107.62025,2.39
LHX,236.78,USD,335.33334,41.62,15,1,11,8,0,0,buy,Industrials,23.893038,17.48831,2.11
AEVA,14.04,USD,30.0,113.68,5,0,3,2,0,0,none,Technology,,-8.731343,0.0
CI,271.83,USD,341.83334,25.75,24,6,12,6,0,0,buy,Healthcare,11.246586,8.128411,2.27
MDA.TO,42.15,CAD,66.5,57.77,12,7,5,1,0,0,buy,Industrials,53.35443,22.970154,0.0
BB.TO,12.84,CAD,12.760979,-0.62,4,1,1,4,1,1,hold,Technology,91.71429,40.02831,0.0
OKE,85.27,USD,101.5,19.03,20,2,7,13,0,0,buy,Energy,15.0388,13.672184,4.93
BBD-B.TO,314.75,CAD,366.25394,16.36,14,4,3,7,1,0,buy,Industrials,23.506348,21.447454,0.0
STLD,221.61,USD,271.7143,22.61,14,2,7,4,1,0,buy,Basic Materials,20.09157,11.321952,0.96
OTEX.TO,31.91,CAD,34.16856,7.08,1,2,0,10,0,0,hold,Technology,8.742465,5.283676,4.95
VZLA.TO,5.4,CAD,7.7230487,43.02,6,1,3,2,0,0,buy,Basic Materials,,5.1260033,0.0
GDDY,95.51,USD,106.75,11.77,16,3,5,9,1,0,buy,Technology,14.191679,8.661075,0.0
CSH-UN.TO,20.46,CAD,25.97727,26.97,11,5,6,0,0,0,strong_buy,Real Estate,1023.0,85.25,3.06
CFG,63.76,USD,80.64706,26.49,17,5,10,3,0,0,buy,Financial Services,13.891067,9.764957,2.88
ADP,258.06,USD,287.6,11.45,15,0,4,12,1,1,hold,Technology,23.588667,19.26045,2.6
DSV.TO,12.28,CAD,14.85714,20.99,7,4,3,0,0,0,buy,Basic Materials,27.288889,17.325056,0.0
SOLV,88.15,USD,93.92308,6.55,13,1,7,5,1,1,buy,Healthcare,10.776283,12.191715,0.0
CP.TO,121.2,CAD,139.6842,15.25,19,9,14,6,0,1,buy,Industrials,28.12065,20.20697,0.87
CL,85.32,USD,98.6,15.56,20,6,7,8,0,0,buy,Consumer Defensive,33.590553,20.807116,2.45
LVS,37.81,USD,59.06842,56.22,19,3,11,7,0,0,none,Consumer Cyclical,14.65504,10.769626,3.13
SNPS,434.94,USD,553.7712,27.32,25,4,18,2,0,0,strong_buy,Technology,75.90576,24.582367,0.0
TGT,156.69,USD,164.67647,5.1,34,2,11,21,0,4,hold,Consumer Defensive,16.254148,16.411196,2.97
JWEL.TO,45.43,CAD,46.21429,1.73,7,0,0,4,1,0,none,Consumer Defensive,24.825136,18.372852,2.2
FAST,49.53,USD,48.83846,-1.4,13,0,6,7,2,3,hold,Industrials,42.333332,35.30821,1.92
TOU.TO,60.9,CAD,70.88636,16.4,22,4,8,10,0,0,buy,Energy,66.195656,13.39934,3.51
APLD,24.37,USD,66.43333,172.6,15,2,11,2,0,0,strong_buy,Technology,,-50.40227,0.0
CHRW,147.96,USD,197.56,33.52,25,4,15,4,1,1,buy,Industrials,28.236643,19.71922,1.68
GM,77.0,USD,104.21739,35.35,23,7,13,4,0,0,buy,Consumer Cyclical,34.375,5.1202393,0.89
TKO.TO,12.64,CAD,14.1875,12.24,8,2,6,0,0,0,strong_buy,Basic Materials,421.33334,11.273132,0.0
VRTX,522.81,USD,571.3929,9.29,28,6,20,4,1,1,buy,Healthcare,30.484549,26.019768,0.0
ABNB,160.65,USD,184.35,14.75,40,6,21,16,1,1,buy,Consumer Cyclical,36.67808,25.966278,0.0
CHTR,110.9,USD,178.05263,60.55,19,0,5,11,4,2,hold,Communication Services,2.8865175,2.357568,0.0
PPG,104.33,USD,126.28571,21.04,21,1,10,13,0,0,buy,Basic Materials,14.968437,12.055851,2.79
SKE.TO,42.32,CAD,54.8125,29.52,8,3,6,0,0,0,strong_buy,Basic Materials,,9.517234,0.0
KEL.TO,10.33,CAD,12.60417,22.02,12,6,6,0,0,0,strong_buy,Energy,38.25926,12.224852,0.0
IMO.TO,175.0,CAD,159.17647,-9.04,17,0,1,8,6,3,underperform,Energy,20.443924,13.995689,2.01
L.TO,62.2,CAD,69.2,11.25,10,3,5,1,0,1,buy,Consumer Defensive,27.522125,21.520481,0.99
JBL,286.86,USD,427.33334,48.97,9,2,7,1,0,0,strong_buy,Technology,35.8575,13.699742,0.1
GOOGL,344.08,USD,429.36295,24.79,54,13,43,5,0,0,strong_buy,Communication Services,17.255766,22.829782,0.26
EL,92.77,USD,107.48286,15.86,28,6,9,14,1,0,buy,Consumer Defensive,185.54,23.695797,1.48
ABRA.TO,12.21,CAD,22.4,83.46,5,3,2,0,0,0,buy,Basic Materials,,-111.0,0.0
PEP,126.72,USD,150.0,18.37,22,2,3,18,1,0,hold,Consumer Defensive,16.608126,14.197475,4.6
PPTA.TO,30.69,CAD,52.65341,71.57,4,3,5,0,0,0,strong_buy,Basic Materials,,-216.45657,0.0
JNJ,264.74,USD,279.27274,5.49,22,5,11,6,1,0,buy,Healthcare,30.712296,21.810843,2.0
SHOP.TO,210.92,CAD,237.08994,12.41,3,11,30,11,1,0,buy,Technology,100.4381,60.694794,0.0
BN.TO,51.92,CAD,69.98602,34.8,4,5,5,0,1,0,buy,Financial Services,67.42857,,0.75
AKAM,106.35,USD,158.87318,49.39,22,5,10,8,1,0,buy,Technology,38.672726,15.527473,0.0
HPE,63.89,USD,68.0795,6.56,20,4,9,10,0,0,buy,Technology,32.932987,13.765065,0.93
DIS,104.9,USD,126.61406,20.7,32,6,23,3,1,0,strong_buy,Communication Services,21.628866,14.013704,1.42
MSI,445.97,USD,526.9091,18.15,11,5,7,2,0,0,buy,Technology,35.198895,22.951849,1.08
PBH.TO,70.64,CAD,112.75,59.61,12,6,5,1,0,0,none,Consumer Defensive,113.93548,9.871946,4.84
UHS,174.26,USD,194.35294,11.53,17,1,6,12,0,1,buy,Healthcare,7.112653,7.261015,0.46
BTO.TO,7.43,CAD,9.726044,30.9,9,5,6,1,0,1,buy,Basic Materials,9.405063,4.89311,1.48
MARA,11.33,USD,18.68615,64.93,13,2,7,4,1,1,buy,Financial Services,,-53.95238,0.0
ZTS,69.83,USD,96.0,37.48,14,4,4,9,0,0,buy,Healthcare,11.391518,10.679085,3.02
BKR,54.9,USD,71.45833,30.16,24,5,15,4,1,0,buy,Energy,17.652735,18.032104,1.65
TRV,356.51,USD,360.70834,1.18,24,1,5,17,4,2,hold,Financial Services,9.58618,11.764808,1.38
MGM,31.05,USD,49.33158,58.88,19,2,8,11,2,0,buy,Consumer Cyclical,18.818182,15.028677,0.0
MMM,164.15,USD,187.81667,14.42,18,1,8,8,0,2,buy,Industrials,29.156303,16.699509,1.85
RJF,158.02,USD,186.0,17.71,13,3,3,9,0,0,buy,Financial Services,13.76481,11.130293,1.35
PWR,642.51,USD,769.0407,19.69,29,1,24,5,0,1,strong_buy,Industrials,73.597946,32.492767,0.07
RF,26.88,USD,32.7075,21.68,20,2,4,13,2,1,hold,Financial Services,10.926828,9.450712,4.07
SCR.TO,38.78,CAD,50.3,29.71,10,2,3,5,0,0,buy,Energy,19.487436,8.421281,3.11
COO,56.53,USD,66.21429,17.13,14,2,3,11,0,0,buy,Healthcare,19.426115,12.043675,0.0
EXR,131.51,USD,158.5,20.52,20,4,6,11,0,0,buy,Real Estate,29.030903,27.330273,4.85
FDS,269.95,USD,270.0,0.02,16,0,3,9,4,2,hold,Financial Services,17.783268,13.685761,1.78
PEG,67.34,USD,85.30556,26.68,18,2,7,13,0,0,buy,Utilities,16.751244,14.4122305,3.96
WDO.TO,35.16,CAD,35.625,1.32,8,3,2,3,0,0,buy,Basic Materials,12.693141,9.045071,0.09
INCY,121.35,USD,127.95652,5.44,23,2,10,15,1,0,buy,Healthcare,15.458599,13.657112,0.0
TMO,675.05,USD,652.8461,-3.29,26,4,19,4,0,1,buy,Healthcare,36.390835,24.504278,0.28
NTR.TO,99.94,CAD,110.29291,10.36,6,7,7,8,2,0,buy,Basic Materials,14.297568,13.93274,3.06
SEA.TO,40.37,CAD,73.5,82.07,2,1,3,0,0,0,none,Basic Materials,149.51851,-126.15625,0.0
CURA.TO,14.62,CAD,18.914831,29.38,4,1,5,0,0,0,strong_buy,Healthcare,,-18.361977,0.0
ACGL,92.36,USD,111.65789,20.89,19,3,7,9,1,0,buy,Financial Services,7.2269173,9.463299,0.0
REG,71.88,USD,86.16667,19.88,18,5,7,8,0,0,buy,Real Estate,24.283783,28.555763,4.16
COP,125.15,USD,146.08,16.72,25,4,15,8,0,0,buy,Energy,16.554234,12.95424,2.68
NDAQ,92.01,USD,109.66667,19.19,15,6,8,2,0,1,buy,Financial Services,26.825073,19.662693,1.26
WCP.TO,17.59,CAD,20.63158,17.29,19,7,11,1,0,0,strong_buy,Energy,15.705358,12.541889,4.17
FE,43.33,USD,52.91667,22.12,12,4,5,7,0,0,buy,Utilities,23.2957,14.691125,4.26
CTVA,77.65,USD,92.6,19.25,20,4,11,6,0,0,buy,Basic Materials,47.060608,18.828123,0.92
RDDT,142.44,USD,213.70909,50.03,33,6,16,11,1,0,buy,Communication Services,33.12558,14.703499,0.0
APO,116.06,USD,153.47368,32.24,19,4,11,6,0,0,buy,Financial Services,41.30249,10.817249,1.89
CPT,96.73,USD,115.42045,19.32,22,1,6,15,1,1,hold,Real Estate,31.924093,88.74312,4.31
TDG,1082.6,USD,1497.0,38.28,19,3,9,11,0,0,buy,Industrials,32.816,22.386997,0.0
ARE,47.46,USD,52.57143,10.77,14,0,2,11,1,2,hold,Real Estate,,-58.59259,5.94
DLR,175.53,USD,223.4375,27.29,32,5,24,5,0,0,strong_buy,Real Estate,85.62439,63.549934,2.76
MLM,479.81,USD,652.7083,36.03,24,4,12,8,0,0,buy,Basic Materials,31.197008,22.476337,0.7
STN.TO,95.94,CAD,140.36365,46.3,11,7,4,0,0,0,buy,Industrials,21.656887,13.855052,1.03
ORCL,137.3,USD,237.97415,73.32,41,8,27,7,1,0,buy,Technology,21.520376,12.485007,1.45
MDT,86.29,USD,104.83333,21.49,24,3,16,9,0,0,buy,Healthcare,21.253695,13.471888,3.31
IT,186.54,USD,185.15385,-0.74,13,0,3,10,1,1,hold,Technology,16.79028,11.403113,0.0
ARE.TO,54.1,CAD,57.0,5.36,10,4,3,3,0,0,buy,Industrials,,25.339579,1.47
DDOG,273.85,USD,286.25696,4.53,46,10,31,3,1,1,strong_buy,Technology,536.9608,92.10461,0.0
RL,355.07,USD,446.70587,25.81,17,5,12,1,0,1,none,Consumer Cyclical,22.373661,16.977234,1.12
ALL,221.86,USD,276.0909,24.44,22,2,8,10,3,2,hold,Financial Services,4.443421,7.9976726,1.92
CM.TO,156.73,CAD,171.10715,9.17,14,2,3,8,0,1,buy,Financial Services,15.041266,13.766964,2.7
ONEX.TO,102.04,CAD,152.5,49.45,4,1,1,2,0,0,none,Financial Services,10.718487,21.192108,0.39
CIFR,15.825,USD,30.93182,95.46,22,5,15,2,0,0,strong_buy,Technology,,120.05918,0.0
WEC,100.78,USD,121.61765,20.68,17,2,6,10,1,0,buy,Utilities,19.568932,16.799747,3.71
IDXX,522.19,USD,701.3333,34.31,12,4,4,4,0,1,buy,Healthcare,36.69642,31.199326,0.0
NVR,6154.39,USD,6717.8,9.15,5,0,2,3,1,0,hold,Consumer Cyclical,15.998727,15.362272,0.0
AMZN,249.15,USD,329.97787,32.44,57,15,42,2,0,0,strong_buy,Consumer Cyclical,20.044247,23.78359,0.0
HCA,426.74,USD,454.22726,6.44,22,1,14,10,1,0,buy,Healthcare,14.305732,13.329036,0.72
ALB,105.78,USD,171.564,62.19,20,3,10,9,0,0,buy,Basic Materials,391.77777,9.36334,1.52
D,60.52,USD,72.25,19.38,12,2,3,11,0,0,buy,Utilities,20.941175,15.866899,4.4
FIS,32.9,USD,49.66667,50.96,24,4,9,15,0,1,buy,Technology,5.0537634,4.9109025,5.28
SWK,88.59,USD,101.09091,14.11,11,0,4,11,0,0,buy,Industrials,21.660145,13.886167,3.78
CVNA,62.54,USD,83.30952,33.21,21,6,10,7,1,0,buy,Consumer Cyclical,33.089947,27.647121,0.0
SRU-UN.TO,26.71,CAD,30.08333,12.63,9,2,2,4,0,1,none,Real Estate,29.032608,13.489899,6.93
CPAY,388.6,USD,461.0,18.63,15,5,8,3,0,0,buy,Technology,23.6231,12.356898,0.0
MCO,454.13,USD,561.9048,23.73,21,5,13,6,0,0,buy,Financial Services,29.185732,23.99738,0.91
ADSK,209.0,USD,307.54147,47.15,34,7,23,6,0,0,buy,Technology,27.07254,14.718942,0.0
PKG,229.26,USD,259.3,13.1,10,1,6,3,1,0,buy,Consumer Cyclical,29.774027,17.474445,2.57
PAAS.TO,64.74,CAD,93.561104,44.52,3,3,4,2,0,0,buy,Basic Materials,13.515657,9.958412,1.55
TDY,606.81,USD,758.0833,24.93,12,3,6,3,0,0,buy,Technology,29.385473,22.662872,0.0
ELV,388.82,USD,451.38095,16.09,21,2,12,8,0,0,buy,Healthcare,17.189213,13.162687,1.75
ACO-X.TO,73.68,CAD,82.28571,11.68,7,0,3,4,0,0,buy,Utilities,46.05,14.202333,2.84
Q,125.74,USD,176.75,40.57,8,2,6,0,0,0,none,Technology,44.907143,23.37983,0.25
NOW,134.01,USD,144.99261,8.2,46,10,35,2,1,1,strong_buy,Technology,83.75625,26.772497,0.0
TYL,318.6,USD,424.77274,33.32,22,6,13,3,0,0,buy,Technology,41.811024,20.753605,0.0
MFC.TO,60.64,CAD,65.26667,7.63,15,4,6,3,0,2,buy,Financial Services,16.433603,12.097997,3.15
VET.TO,16.19,CAD,20.63636,27.46,11,2,3,6,0,0,buy,Energy,,14.990741,3.37
HON,210.94,USD,260.34784,23.42,23,3,11,9,0,1,buy,Industrials,8.109958,21.399153,1.33
WAT,439.39,USD,446.73914,1.67,23,3,15,6,0,0,buy,Healthcare,111.237976,26.554556,0.0
MAU.TO,18.99,CAD,22.57778,18.89,9,5,4,0,0,0,buy,Basic Materials,,9.159885,0.0
STE,210.01,USD,263.125,25.29,8,3,4,2,0,0,none,Healthcare,25.705017,17.147718,1.22
HSIC,83.97,USD,97.26667,15.84,15,4,4,7,1,0,buy,Healthcare,24.481049,14.01848,0.0
EXE,84.09,USD,125.51852,49.27,27,5,18,5,0,0,buy,Energy,7.2491374,9.829339,2.73
KEYS,364.04,USD,415.08334,14.02,12,3,7,2,0,0,buy,Technology,49.261166,26.243607,0.0
SU.TO,96.5,CAD,107.2,11.09,20,8,8,5,0,0,buy,Energy,12.883845,11.683672,2.5
MCD,230.94,USD,298.06897,29.07,29,4,15,14,1,0,buy,Consumer Cyclical,18.760357,16.665886,3.3
BIR.TO,6.2,CAD,8.1875,32.06,12,4,3,5,0,0,buy,Energy,17.714285,9.8412695,1.97
ERO.TO,52.28,CAD,53.20812,1.78,16,4,4,10,0,0,buy,Basic Materials,12.537169,7.6534343,0.0
MRNA,192.57,USD,119.55556,-37.92,18,1,4,16,1,1,hold,Healthcare,,-43.266964,0.0
CRM,229.57,USD,281.0783,22.44,53,6,32,15,0,2,buy,Technology,21.00366,14.342083,0.78
UPS,93.44,USD,115.61538,23.73,26,0,14,12,1,2,buy,Industrials,17.36803,11.644993,6.98
V,359.33,USD,419.36163,16.71,37,9,27,3,0,1,strong_buy,Financial Services,30.607325,23.948467,0.73
CME,261.98,USD,283.6,8.25,15,4,3,6,1,2,hold,Financial Services,22.220528,20.267036,1.98
DML.TO,3.69,CAD,6.46071,75.09,14,2,2,0,0,0,strong_buy,Energy,,-65.49521,0.0
ECL,274.58,USD,324.9524,18.35,21,5,15,4,0,0,buy,Basic Materials,36.856377,29.177702,1.05
DASH,183.55,USD,256.2642,39.62,43,9,26,10,0,0,buy,Consumer Cyclical,96.09948,22.538094,0.0
AMC,3.0,USD,2.95,-1.67,6,0,2,4,1,0,hold,Communication Services,,-37.5,0.0
HAL,31.8,USD,43.44,36.6,25,6,15,6,0,1,buy,Energy,16.649214,10.962758,2.16
APTV,43.02,USD,66.61111,54.84,18,5,11,4,0,0,buy,Consumer Cyclical,19.466063,6.5719323,0.0
NUE,233.75,USD,283.3125,21.2,16,3,10,3,1,0,buy,Basic Materials,18.64035,11.755766,0.95
HBM.TO,38.04,CAD,44.711697,17.54,20,7,14,1,0,0,strong_buy,Basic Materials,16.539131,13.540804,0.1
ON,76.87,USD,103.69231,34.89,26,2,12,16,0,0,buy,Technology,50.907288,16.973593,0.0
DPZ,299.61,USD,376.77777,25.76,27,2,13,14,1,0,buy,Consumer Cyclical,16.994328,14.356103,2.64
APD,278.23,USD,345.10526,24.04,19,4,11,7,0,0,buy,Basic Materials,,19.272198,2.59
AMP,492.35,USD,579.4545,17.69,11,1,4,8,1,0,buy,Financial Services,11.89826,9.529024,1.37
EXPD,184.64,USD,178.2,-3.49,15,0,3,10,4,1,hold,Industrials,26.876274,23.144747,0.86
BXP,61.11,USD,76.35,24.94,20,5,7,10,0,0,buy,Real Estate,32.85484,27.492104,4.54
DELL,537.95,USD,579.36,7.7,25,6,14,9,0,0,buy,Technology,31.257992,18.475378,0.47
NDSN,327.85,USD,349.7143,6.67,7,0,4,2,0,1,none,Industrials,33.149647,25.252527,1.14
SJM,118.91,USD,142.125,19.52,16,3,7,9,0,0,buy,Consumer Defensive,55.56542,10.88742,3.71
CG.TO,31.03,CAD,33.392437,7.61,11,2,4,4,0,1,buy,Basic Materials,7.004515,11.471006,0.9
CCL,24.54,USD,34.04615,38.74,26,6,18,5,0,0,buy,Consumer Cyclical,10.810574,9.48846,1.79
SPG,200.76,USD,234.44444,16.78,18,1,5,14,0,0,buy,Real Estate,14.1579685,29.537994,4.36
SYK,275.39,USD,367.8,33.56,25,7,15,6,0,0,buy,Healthcare,28.537827,16.471838,1.26
CCO.TO,123.38,CAD,179.07143,45.14,14,8,11,2,0,0,buy,Energy,152.32098,47.750816,0.19
AIG,74.42,USD,88.45,18.85,20,1,7,14,0,0,buy,Financial Services,13.580292,8.460174,2.66
BIIB,225.88,USD,238.18195,5.45,31,3,19,12,1,0,buy,Healthcare,40.12078,13.660017,0.0
SYY,77.96,USD,90.41667,15.98,12,1,5,7,1,0,buy,Consumer Defensive,21.300547,14.53057,2.8
AGI.TO,46.07,CAD,68.60505,48.91,11,5,8,0,0,0,strong_buy,Basic Materials,11.663291,10.703214,0.48
VMRK,60.76,USD,73.44211,20.87,19,1,9,11,0,0,buy,Real Estate,23.279694,41.32771,4.58
ILMN,273.68,USD,210.65,-23.03,20,4,7,6,2,2,buy,Healthcare,50.96462,44.82949,0.0
MU,1065.11,USD,1520.7609,42.78,46,9,36,3,0,1,strong_buy,Technology,24.097511,6.59541,0.05
MSFT,512.9,USD,578.41516,12.77,52,14,39,2,0,0,strong_buy,Technology,28.542017,21.692709,0.77
CVE.TO,44.24,CAD,51.14706,15.61,17,8,10,0,0,0,strong_buy,Energy,12.28889,12.083174,2.0
KDP,30.34,USD,36.20588,19.33,17,5,8,5,0,0,buy,Consumer Defensive,30.646465,11.969954,2.96
AYA.TO,38.31,CAD,50.448597,31.69,10,5,5,0,0,0,strong_buy,Basic Materials,35.14679,19.063013,0.0
SES.TO,24.62,CAD,24.375,-1.0,4,0,0,3,0,0,hold,Industrials,41.728817,22.381819,0.0171
NRG,95.65,USD,188.5625,97.14,16,3,10,3,0,0,buy,Utilities,24.908855,8.548437,1.96
DAL,83.46,USD,102.9375,23.34,24,5,19,0,0,1,strong_buy,Industrials,13.8407955,10.119,1.01
XEL,70.48,USD,90.61111,28.56,18,4,13,2,0,0,strong_buy,Utilities,19.30959,15.523136,3.35
GIS,32.16,USD,37.0,15.05,18,3,1,12,2,2,hold,Consumer Defensive,,10.198774,7.21
CTAS,195.06,USD,218.3125,11.92,16,2,8,9,1,0,buy,Industrials,38.549408,31.660648,1.05
AXON,422.52,USD,704.1053,66.64,19,8,10,3,0,0,buy,Industrials,176.7866,40.07257,0.0
CHD,94.22,USD,105.10526,11.55,19,2,8,9,0,2,buy,Consumer Defensive,30.198719,23.349234,1.3
ISRG,406.63,USD,476.34482,17.14,29,7,17,7,1,0,none,Healthcare,46.525173,33.629215,0.0
DGX,233.07,USD,247.73334,6.29,15,2,7,7,0,1,buy,Healthcare,24.742039,19.329542,1.48
DLTR,114.02,USD,136.4,19.63,25,3,7,15,1,2,hold,Consumer Defensive,13.973039,14.410165,0.0
HUM,381.57,USD,423.73914,11.05,23,2,11,12,1,0,buy,Healthcare,36.270912,22.996756,0.92
MKC,46.4,USD,60.07692,29.48,13,3,4,8,0,0,buy,Consumer Defensive,7.7204657,14.078354,3.97
PPL.TO,63.53,CAD,72.89474,14.74,19,6,6,7,0,0,buy,Energy,22.369719,19.846489,4.65
CTC-A.TO,192.97,CAD,206.6,7.06,10,3,0,6,0,1,none,Consumer Cyclical,15.194489,12.399902,3.75
EOG,137.76,USD,162.0,17.6,28,1,10,21,0,0,buy,Energy,10.720622,9.231319,2.92
HPQ,31.28,USD,29.66471,-5.16,17,0,2,10,3,3,none,Technology,11.938932,9.968228,3.9
DPM.TO,62.75,CAD,68.6151,9.35,12,4,6,2,0,0,buy,Basic Materials,14.359268,10.52639,0.35
MRU.TO,89.95,CAD,98.9,9.95,10,0,2,8,0,0,hold,Consumer Defensive,21.365795,16.431833,1.8
BLK,1058.29,USD,1322.75,24.99,16,6,10,1,0,0,strong_buy,Financial Services,25.342196,16.46204,2.15
HBAN,15.26,USD,19.75263,29.44,19,3,11,6,0,0,buy,Financial Services,11.738462,8.594472,4.06
USA.TO,6.24,CAD,12.83333,105.66,6,2,5,0,0,0,strong_buy,Basic Materials,,15.49656,0.0
IP,33.17,USD,47.90909,44.44,11,3,7,2,0,0,buy,Consumer Cyclical,,10.984498,5.55
GD,331.83,USD,420.25525,26.65,21,4,10,9,1,0,buy,Industrials,20.258242,17.84677,1.91
PM,190.82,USD,208.13333,9.07,15,3,9,4,0,0,buy,Consumer Defensive,26.175585,20.762114,3.3
ORLY,85.41,USD,107.34615,25.68,26,5,18,6,0,0,buy,Consumer Cyclical,27.114286,23.394745,0.0
BBY,88.24,USD,86.95,-1.46,20,0,4,19,1,1,hold,Consumer Cyclical,14.682196,12.23311,4.33
SHW,323.27,USD,389.0909,20.36,22,3,12,12,0,0,buy,Basic Materials,29.821955,23.768803,0.97
WDC,454.46,USD,664.9167,46.31,24,4,17,5,0,0,none,Technology,16.869339,14.313912,0.13
BF-B,26.2,USD,28.25882,7.86,17,1,1,12,2,2,hold,Consumer Defensive,16.903227,15.287219,3.51
ATZ.TO,119.88,CAD,185.5,54.74,14,5,8,2,0,0,buy,Consumer Cyclical,31.382198,19.807083,0.0
CPRT,27.28,USD,39.0,42.96,10,4,3,4,0,1,buy,Industrials,17.6,15.583051,0.0
MET,94.16,USD,105.75,12.31,16,5,8,4,0,1,buy,Financial Services,18.038315,8.613049,2.49
FRT,108.29,USD,132.0,21.89,19,5,8,6,0,0,buy,Real Estate,21.83266,33.943516,4.24
LYV,169.3,USD,201.95833,19.29,24,3,17,3,1,1,buy,Communication Services,,90.85592,0.0
DOC,19.97,USD,22.94737,14.91,19,3,5,14,0,0,buy,Real Estate,57.05714,142.64285,6.06
SBUX,93.96,USD,111.73333,18.92,30,3,12,18,1,2,buy,Consumer Cyclical,54.312138,30.088863,2.6
KKR,91.3,USD,128.67,40.93,20,8,12,2,0,0,buy,Financial Services,29.169329,12.322568,0.84
TROW,104.05,USD,108.83333,4.6,12,0,0,9,1,3,hold,Financial Services,10.446788,10.084934,4.98
BEI-UN.TO,61.53,CAD,79.36364,28.98,11,5,2,4,0,0,none,Real Estate,,13.203863,2.94
RSG,209.87,USD,245.91667,17.18,24,3,12,12,0,0,buy,Industrials,29.72663,26.040594,1.26
ANET,203.59,USD,242.20724,18.97,29,7,24,1,0,0,strong_buy,Technology,64.631744,39.246872,0.0
AC.TO,27.0,CAD,35.12143,30.08,14,5,4,5,0,1,buy,Industrials,20.610687,12.493348,0.0
ZBRA,373.31,USD,411.45267,10.22,15,3,7,6,0,0,buy,Technology,34.21723,16.816023,0.0
CMG,31.95,USD,43.91935,37.46,31,3,20,12,0,0,buy,Consumer Cyclical,29.583332,23.29906,0.0
PCAR,109.81,USD,144.8,31.86,15,3,5,10,0,0,buy,Industrials,23.117895,15.199457,1.25
AES,14.9,USD,15.0,0.67,8,0,0,9,0,0,none,Utilities,5.580524,6.2855935,4.74
VNP.TO,30.32,CAD,45.956226,51.57,8,4,4,0,0,0,strong_buy,Basic Materials,30.938774,24.804848,0.0
TECK-B.TO,93.7,CAD,88.17647,-5.89,17,1,6,7,2,1,hold,Basic Materials,18.408644,18.646284,0.54
ALA.TO,52.26,CAD,60.27273,15.33,11,4,5,2,0,0,buy,Energy,26.393938,18.476093,2.56
TER,400.91,USD,446.46667,11.36,15,1,11,5,0,0,buy,Technology,54.994514,34.405582,0.13
EMR,155.1,USD,173.6782,11.98,28,4,16,8,1,1,buy,Industrials,33.86463,21.336863,1.41
CARR,54.86,USD,76.32364,39.12,22,2,13,10,0,0,buy,Industrials,39.185715,16.56111,1.73
WFC,80.05,USD,100.54348,25.6,23,4,13,9,0,0,buy,Financial Services,11.635175,10.066866,2.49
EMA.TO,68.02,CAD,74.30769,9.24,13,3,2,7,1,1,hold,Utilities,21.593649,18.692976,4.31
STZ,113.06,USD,163.34782,44.48,23,3,11,8,0,2,buy,Consumer Defensive,10.767619,9.217416,3.65
F,12.06,USD,16.03,32.92,18,3,5,12,0,0,buy,Consumer Cyclical,,6.1716394,4.88
WPK.TO,42.83,CAD,48.852448,14.06,3,0,0,3,0,0,none,Consumer Cyclical,13.138038,11.812375,0.46
CNP,36.8,USD,45.23529,22.92,17,2,7,10,0,0,buy,Utilities,21.904762,17.629587,2.6
A,172.31,USD,175.2,1.68,20,4,11,7,0,0,buy,Healthcare,33.919292,25.499754,0.58
FDXF,109.38,USD,162.92857,48.96,14,3,6,5,0,0,buy,Industrials,24.9726,20.218115,0.0
PET.TO,17.95,CAD,25.22222,40.51,9,4,2,3,0,0,none,Consumer Cyclical,12.552448,10.270818,2.92
CBOE,275.29,USD,315.64285,14.66,14,3,1,10,2,1,hold,Financial Services,21.456743,18.083822,1.31
COST,910.34,USD,1057.9429,16.21,35,4,20,13,1,1,buy,Consumer Defensive,43.76635,36.39254,0.64
MTL.TO,27.3,CAD,29.27273,7.23,11,3,3,5,0,0,buy,Industrials,24.594593,17.916912,3.08
NVDA,228.38,USD,327.7,43.49,59,10,48,2,1,0,strong_buy,Technology,28.872314,14.562609,0.44
HWM,226.18,USD,334.36,47.83,21,4,16,3,0,0,strong_buy,Industrials,48.74569,35.0055,0.24
ECHO,89.41,USD,131.44444,47.01,9,2,6,0,0,0,none,Communication Services,,3.9335682,0.0
ED,102.21,USD,110.03125,7.65,16,0,2,9,3,4,hold,Utilities,16.78325,15.749111,3.4
HAS,87.68,USD,109.5,24.89,14,3,10,2,0,0,strong_buy,Consumer Cyclical,15.601424,13.460838,3.17
DOW,27.54,USD,34.125,23.91,16,1,5,12,0,1,buy,Basic Materials,,15.707613,5.07
TKO,179.72,USD,231.42105,28.77,19,3,15,4,0,0,strong_buy,Communication Services,63.281693,38.391373,1.78
PSA,282.84,USD,336.5,18.97,18,3,4,15,0,0,buy,Real Estate,26.98855,27.65507,4.2
NXE.TO,12.97,CAD,21.42188,65.16,16,9,7,0,0,0,buy,Energy,,-59.495415,0.0
EXC,40.4,USD,48.70588,20.56,17,1,4,14,2,0,hold,Utilities,14.8529415,13.296909,4.13
KMB,97.43,USD,116.2,19.27,15,3,4,8,1,0,buy,Consumer Defensive,19.254942,13.024077,5.17
PSKY,10.33,USD,9.95,-3.68,16,3,1,9,6,3,hold,Communication Services,344.33334,12.212712,2.0
O,54.3,USD,67.2625,23.87,20,1,6,16,0,1,buy,Real Estate,39.635036,34.964134,5.91
UNP,272.13,USD,329.41666,21.05,24,3,15,6,0,1,buy,Industrials,22.052675,19.178617,2.07
TECH,72.47,USD,70.5,-2.72,10,0,1,12,0,0,hold,Healthcare,62.47414,31.337294,0.44
CMS,63.08,USD,78.66667,24.71,12,3,4,8,0,0,buy,Utilities,19.0,15.179883,3.59
TPL,325.83,USD,443.0,35.96,2,0,1,0,1,0,none,Energy,41.454197,4.456099,0.73
WN.TO,101.21,CAD,109.83333,8.52,6,2,2,1,0,1,none,Consumer Defensive,42.525208,18.401817,1.27
KLAC,194.93,USD,233.76923,19.92,26,5,14,10,0,0,buy,Technology,53.25956,29.070642,0.47
BMO.TO,237.97,CAD,255.06667,7.18,15,3,2,7,0,3,hold,Financial Services,19.378666,14.454179,2.84
DRI,193.25,USD,234.41667,21.3,24,2,15,9,0,1,buy,Consumer Cyclical,19.001966,15.588134,3.32
PSK.TO,32.97,CAD,36.73077,11.41,13,3,4,6,0,0,buy,Energy,31.701925,30.15558,3.21
COR,300.25,USD,369.25,22.98,12,4,7,3,0,0,buy,Healthcare,22.290274,15.144171,0.78
TRMB,57.11,USD,79.5,39.21,10,2,9,1,0,0,strong_buy,Technology,,13.804623,0.0
COIN,186.41,USD,207.34688,11.23,32,4,19,12,1,1,buy,Financial Services,,65.748215,0.0
ROK,435.33,USD,477.08,9.59,25,3,9,15,0,1,buy,Industrials,40.83771,29.192913,1.28
FVI.TO,16.0,CAD,19.571272,22.32,3,2,1,1,0,0,buy,Basic Materials,9.467455,6.5696206,0.0
LITE,971.26,USD,1159.4017,19.37,27,5,18,4,0,0,strong_buy,Technology,,27.968569,0.0
IGM.TO,83.2,CAD,87.25,4.87,8,1,1,6,0,0,hold,Financial Services,16.842104,13.692227,2.99
CHP-UN.TO,14.83,CAD,17.03125,14.84,8,2,3,3,0,0,buy,Real Estate,,14.259616,5.26
KEY,20.07,USD,25.82105,28.65,19,3,8,8,0,0,buy,Financial Services,11.736841,9.399367,4.08
AMGN,421.51,USD,390.9438,-7.25,29,4,8,17,3,2,hold,Healthcare,26.180746,17.240398,2.38
IFC.TO,245.84,CAD,326.23077,32.7,13,5,4,4,0,0,none,Financial Services,13.67297,13.138606,2.38
HD,284.49,USD,377.1875,32.58,32,4,17,15,0,0,none,Consumer Cyclical,19.922268,17.753107,3.24
SRE,77.96,USD,99.91667,28.16,18,4,12,4,0,0,buy,Utilities,22.597101,14.072863,3.36
ALLE,153.77,USD,174.63635,13.57,11,0,4,7,0,0,buy,Industrials,20.17979,15.713506,1.42
PRU,113.58,USD,113.4,-0.16,15,0,0,14,3,1,hold,Financial Services,10.297371,7.6434717,4.87
RUS.TO,90.48,CAD,86.0,-4.95,7,2,1,4,0,0,buy,Industrials,23.081633,19.135721,2.02
AON,276.77,USD,383.6316,38.61,19,4,9,5,1,2,buy,Financial Services,15.265858,13.645781,1.19
LIN,474.65,USD,542.6,14.32,25,5,17,5,1,0,buy,Basic Materials,30.662146,24.268147,1.35
CAE.TO,34.23,CAD,43.78571,27.92,14,5,5,3,1,0,buy,Industrials,38.460674,23.05423,0.0
TRP.TO,82.39,CAD,99.56522,20.85,23,7,9,8,0,0,buy,Energy,23.472935,21.020163,4.24
TXT,76.2,USD,101.46667,33.16,15,1,6,9,0,0,buy,Industrials,14.350282,10.485613,0.1
PG,145.28,USD,160.6087,10.55,23,6,7,12,0,0,buy,Consumer Defensive,21.94562,19.632565,2.94
EVRG,78.44,USD,91.27273,16.36,11,2,6,5,0,0,buy,Utilities,19.959288,17.1828,3.53
NPI.TO,22.58,CAD,26.61538,17.87,13,4,4,5,0,0,buy,Utilities,,12.361291,3.18
J,135.27,USD,162.53333,20.15,15,3,7,6,0,0,buy,Industrials,44.791393,16.362686,1.06
COF,193.07,USD,258.33334,33.8,21,5,14,4,0,0,buy,Financial Services,10.631608,8.013541,1.63
VITL-UN.TO,5.17,CAD,6.32857,22.41,7,1,0,6,0,0,hold,Real Estate,,,6.9
PNR,52.99,USD,77.35714,45.98,14,0,8,5,1,2,buy,Industrials,13.657216,10.252373,2.02
LYB,57.47,USD,68.47059,19.14,17,4,3,9,2,1,hold,Basic Materials,,9.112849,4.74
TPZ.TO,28.46,CAD,35.8,25.79,10,3,5,2,0,0,buy,Energy,30.60215,22.768,4.94
JBHT,224.05,USD,298.0,33.01,23,3,12,7,1,1,buy,Industrials,31.825285,22.363895,0.79
HUBB,453.6,USD,563.5,24.23,12,0,7,7,0,0,buy,Industrials,26.856129,19.761633,1.24
LAC.TO,3.75,CAD,7.0655165,88.41,4,2,1,9,0,0,hold,Basic Materials,,-18.174225,0.0
NTRS,169.36,USD,184.26923,8.8,13,0,2,10,1,2,hold,Financial Services,14.549828,13.319366,1.9
BAM.TO,63.51,CAD,80.23673,26.34,4,3,6,7,1,0,buy,Financial Services,25.817072,20.641893,4.37
DD,129.89,USD,169.625,30.59,16,3,11,3,0,0,none,Basic Materials,55.746784,16.308088,1.84
ATS.TO,25.72,CAD,37.29925,45.02,8,6,0,1,1,0,buy,Industrials,53.583332,13.3561125,0.0
TFII.TO,170.66,CAD,239.74786,40.48,9,6,10,3,0,0,none,Industrials,29.628471,15.269371,1.54
ARIS.TO,24.77,CAD,41.70872,68.38,5,3,3,0,0,0,strong_buy,Basic Materials,12.385,6.003533,0.0
HSY,157.61,USD,204.09525,29.49,21,2,6,14,1,0,buy,Consumer Defensive,21.502047,15.986197,3.6
IMG.TO,26.23,CAD,34.51419,31.58,7,4,6,3,0,0,buy,Basic Materials,9.435252,7.79095,0.0
FICO,592.47,USD,1256.4194,112.06,19,4,8,7,2,0,buy,Technology,17.153154,11.383887,0.0
TVK.TO,110.46,CAD,162.0,46.66,6,2,2,2,0,0,buy,Energy,26.616867,20.480852,0.72
ATH.TO,10.39,CAD,12.84091,23.59,11,4,2,5,0,0,buy,Energy,22.106384,11.851666,0.0
CINF,159.37,USD,191.66667,20.27,6,0,2,6,0,0,none,Financial Services,7.521,17.646563,2.33
MPWR,1347.22,USD,1839.8,36.56,15,3,13,1,0,0,none,Technology,82.0975,38.634727,0.59
ROL,30.12,USD,42.82353,42.18,17,2,5,10,1,1,hold,Consumer Cyclical,27.381819,23.349743,2.39
CSU.TO,2894.73,CAD,4051.765,39.97,12,4,7,1,0,0,none,Technology,45.019127,15.455621,0.19
GL,165.65,USD,193.90909,17.06,11,4,4,3,0,0,none,Financial Services,11.006644,10.028308,0.79
WELL,230.24,USD,262.04544,13.81,22,6,12,4,0,0,buy,Real Estate,103.711716,72.40252,1.46
CNC,62.12,USD,71.77778,15.55,18,1,7,12,1,0,buy,Healthcare,,11.616077,0.0
NFI.TO,24.56,CAD,32.11997,30.78,8,4,4,0,0,0,strong_buy,Consumer Cyclical,38.375,12.102172,0.0
LUN.TO,33.93,CAD,42.71625,25.9,24,5,7,12,0,1,buy,Basic Materials,15.3529415,16.879366,0.32
META,725.18,USD,793.90735,9.48,57,8,46,7,1,0,strong_buy,Communication Services,27.344645,20.817175,0.28
H.TO,50.71,CAD,56.90385,12.21,13,2,0,8,2,1,hold,Utilities,21.48729,21.262856,2.77
EG,365.17,USD,411.375,12.65,16,4,3,10,0,0,buy,Financial Services,7.7170334,6.109332,2.17
GNRC,206.95,USD,289.5625,39.92,16,2,12,7,0,0,buy,Industrials,47.574715,16.592928,0.0
NOC,483.48,USD,644.4545,33.29,22,4,10,10,0,0,buy,Industrials,15.377863,15.876607,1.96
SYF,70.97,USD,89.43478,26.02,23,4,12,7,0,0,buy,Financial Services,7.2789745,6.7875295,1.9
EME,754.49,USD,1033.2858,36.95,7,0,7,3,0,0,none,Industrials,23.46051,20.530905,0.21
GRT-UN.TO,84.93,CAD,106.3,25.16,10,5,5,0,0,0,none,Real Estate,14.061258,12.733133,4.21
LUV,41.64,USD,49.78696,19.57,23,4,7,11,1,2,buy,Industrials,26.188679,8.907943,1.71
CCA.TO,52.2,CAD,70.27273,34.62,11,1,3,6,0,1,none,Communication Services,,6.121006,7.7
ALGN,145.35,USD,206.35715,41.97,14,3,7,5,0,1,buy,Healthcare,25.234375,11.6231,0.0
UAL,110.95,USD,156.34782,40.92,23,4,19,2,0,0,strong_buy,Industrials,10.3885765,7.666311,0.0
AEM.TO,260.6,CAD,298.844,14.68,11,6,12,3,1,0,buy,Basic Materials,15.774818,14.766678,0.93
XOM,162.75,USD,173.09091,6.35,22,3,7,15,0,0,buy,Energy,20.919024,14.432554,2.55
AAPL,333.02,USD,328.22205,-1.44,39,6,19,13,3,3,buy,Technology,38.14662,34.7426,0.33
CRWD,264.75,USD,235.67,-10.98,50,10,30,12,0,1,buy,Technology,8825.0,164.8598,0.0
AME,247.73,USD,280.0,13.03,18,2,12,5,0,1,buy,Industrials,36.324047,25.69888,0.54
TCL-A.TO,5.28,CAD,7.0,32.58,7,3,2,2,0,0,buy,Consumer Cyclical,2.4788733,4.6438,10.34
ABBV,261.59,USD,278.85715,6.6,28,8,16,5,0,1,buy,Healthcare,73.687325,16.084267,2.63
TVE.TO,13.18,CAD,16.47727,25.02,11,6,5,0,0,0,buy,Energy,188.28572,14.80899,1.53
CEG,254.02,USD,347.282,36.71,20,6,13,3,0,0,buy,Utilities,24.806643,19.070341,0.64
IVZ,30.16,USD,34.03846,12.86,13,2,3,9,0,0,buy,Financial Services,,9.248016,2.83
TXG.TO,68.83,CAD,92.36364,34.19,11,5,6,0,0,0,strong_buy,Basic Materials,7.465293,6.8858304,0.92
BMY,62.4,USD,66.70833,6.9,24,3,7,17,1,0,buy,Healthcare,13.7444935,9.505182,4.01
VRSN,282.01,USD,324.4,15.03,5,0,3,2,0,0,buy,Technology,30.586767,25.494204,1.16
ATRL.TO,86.62,CAD,115.4,33.23,15,8,7,0,0,0,buy,Industrials,29.972319,17.657587,0.09
SVM.TO,15.19,CAD,21.54575,41.84,5,2,4,0,0,0,strong_buy,Basic Materials,94.9375,6.6477475,0.23
AEE,99.38,USD,117.875,18.61,16,2,9,6,0,0,buy,Utilities,17.496479,17.130732,2.99
JKHY,143.24,USD,189.72221,32.45,18,3,11,6,0,0,buy,Technology,20.52149,18.239397,1.67
CBRE,128.47,USD,182.16667,41.8,12,5,7,0,0,0,strong_buy,Real Estate,29.39817,14.124785,0.0
FNV.TO,338.8,CAD,406.47702,19.98,9,4,8,3,0,0,buy,Basic Materials,31.25461,25.546085,0.71
DG,119.58,USD,140.93103,17.86,29,3,8,18,1,0,buy,Consumer Defensive,15.529871,14.426958,1.92
SPB.TO,6.97,CAD,8.84091,26.84,11,1,1,9,0,0,hold,Utilities,697.0,10.108774,2.59
TD.TO,167.33,CAD,180.07143,7.61,14,5,4,3,0,2,buy,Financial Services,17.915417,14.945796,2.65
SII.TO,169.77,CAD,194.4,14.51,5,1,3,1,0,0,none,Financial Services,29.371971,25.536043,1.3
LRCX,328.51,USD,373.7742,13.78,31,4,25,6,0,0,strong_buy,Technology,55.39798,27.98321,0.41
JCI,148.65,USD,165.3,11.2,20,1,11,8,0,2,buy,Industrials,41.755615,24.478806,1.07
POU.TO,29.35,CAD,37.45455,27.61,11,3,5,3,0,0,buy,Energy,37.62821,18.117285,2.07
AMT,163.69,USD,215.73914,31.8,23,7,15,3,0,0,buy,Real Estate,22.546831,23.350796,4.28
LNT,63.3,USD,78.04167,23.29,12,2,6,5,0,0,buy,Utilities,20.031645,17.174532,3.33
LULU,96.19,USD,104.91111,9.07,27,0,1,29,4,1,hold,Consumer Cyclical,7.916873,11.125106,0.0
MCK,853.81,USD,979.3571,14.7,14,3,10,4,0,0,buy,Healthcare,22.908773,16.917446,0.43
HOOD,112.5,USD,131.07925,16.51,27,6,18,3,1,1,buy,Financial Services,50.0,32.588104,0.0
RY.TO,279.94,CAD,302.42856,8.03,14,4,5,5,0,1,buy,Financial Services,17.650694,15.659026,2.49
CVX,204.21,USD,224.33333,9.85,24,6,14,4,1,0,buy,Energy,19.864788,14.445401,3.48
MRVL,264.21,USD,290.9704,10.13,43,9,32,5,0,0,strong_buy,Technology,87.19802,39.0316,0.09
AAUC.TO,29.81,CAD,45.17431,51.54,6,2,2,1,0,0,buy,Basic Materials,,2.922167,0.0
DFY.TO,69.05,CAD,87.63636,26.92,11,2,2,7,0,0,buy,Financial Services,17.935066,14.875504,1.23
BR,161.1,USD,213.375,32.45,8,4,1,4,0,0,buy,Technology,16.79875,13.916942,2.71
FCR-UN.TO,22.76,CAD,24.3625,7.04,8,1,0,7,0,0,none,Real Estate,4.6831274,16.859259,4.01
WM,203.92,USD,259.92,27.46,25,3,16,9,0,0,buy,Industrials,28.883852,22.364138,1.83
GSY.TO,43.41,CAD,48.0,10.57,10,1,1,6,0,2,none,Financial Services,,9.568692,17.95
LIF.TO,23.85,CAD,29.7,24.53,5,0,0,5,0,0,hold,Basic Materials,19.875,12.78135,5.01
KIM,22.21,USD,26.94048,21.3,21,3,6,14,0,0,buy,Real Estate,25.82558,25.238636,5.0
UBER,68.51,USD,100.77319,47.09,47,9,33,8,1,0,buy,Technology,15.024123,15.485987,0.0
MFI.TO,25.3,CAD,35.9,41.9,10,5,5,0,0,0,strong_buy,Consumer Defensive,43.62069,14.059617,3.28
IVN.TO,11.69,CAD,15.687821,34.2,15,2,8,5,0,0,buy,Basic Materials,89.92308,19.655825,0.0
USB,57.76,USD,70.42857,21.93,21,2,12,9,0,0,buy,Financial Services,11.528941,9.952117,3.72
JPM,330.83,USD,375.8095,13.6,21,4,9,11,0,0,buy,Financial Services,14.168307,13.207034,1.97
SLF.TO,110.92,CAD,114.15385,2.92,13,2,4,6,0,2,buy,Financial Services,18.76819,12.783206,3.36
ABT,98.83,USD,120.2636,21.69,25,4,18,5,0,0,buy,Healthcare,31.98382,16.293926,2.5
SNA,363.35,USD,416.55557,14.64,9,3,2,4,0,2,hold,Industrials,18.538265,16.983932,2.66
BDGI.TO,96.2,CAD,113.40625,17.89,8,3,5,0,0,0,none,Industrials,37.874016,23.706259,0.82
SIA.TO,20.13,CAD,26.70455,32.66,11,6,5,0,0,0,buy,Healthcare,37.981133,31.95238,4.64
RMD,221.1,USD,250.22295,13.17,17,2,7,10,1,0,buy,Healthcare,21.198465,16.711868,1.18
AP-UN.TO,7.1,CAD,10.02778,41.24,9,0,0,8,1,0,hold,Real Estate,,3.9010987,10.07
VRSK,167.85,USD,234.76471,39.87,17,4,7,8,0,0,buy,Industrials,25.783411,19.296741,1.2
EIF.TO,124.23,CAD,151.81818,22.21,11,5,6,0,0,0,strong_buy,Industrials,33.758152,23.430338,2.3
RTX,185.65,USD,234.13635,26.12,22,4,11,8,0,0,buy,Industrials,32.68486,23.645494,1.56
WSP.TO,174.24,CAD,283.57144,62.75,14,6,8,0,0,0,strong_buy,Industrials,24.820513,13.317365,0.87
HIG,122.36,USD,149.4,22.1,20,2,6,15,0,0,buy,Financial Services,8.444445,8.942889,1.91
CS.TO,14.11,CAD,18.13333,28.51,18,7,9,3,0,0,buy,Basic Materials,16.21839,10.703259,0.0
IR,75.11,USD,95.25,26.81,13,0,7,7,0,0,buy,Industrials,31.03719,19.163502,0.1
VRT,241.31,USD,337.92593,40.04,27,3,22,4,0,0,strong_buy,Industrials,54.471786,26.339687,0.1
LEN,81.59,USD,80.07692,-1.85,13,1,1,9,3,5,hold,Consumer Cyclical,15.45265,15.479946,2.41
DHR,221.55,USD,232.45454,4.92,22,5,17,3,0,0,strong_buy,Healthcare,39.491978,23.81746,0.71
CASY,608.46,USD,790.5263,29.92,19,2,13,5,0,0,buy,Consumer Cyclical,29.30925,25.94385,0.43
REGN,758.27,USD,850.88464,12.21,26,4,13,9,0,1,buy,Healthcare,18.778357,12.454417,0.5
CLX,81.01,USD,100.76471,24.39,17,0,1,14,2,2,hold,Consumer Defensive,17.346895,12.939675,6.13
CU.TO,50.59,CAD,54.5,7.73,6,0,0,6,0,0,hold,Utilities,316.1875,18.223145,3.66
INOD,65.76,USD,122.75,86.66,4,1,3,0,0,0,strong_buy,Technology,50.976746,31.499231,0.0
PLTR,187.05,USD,195.56538,4.55,26,1,19,9,1,1,buy,Technology,158.51695,80.521225,0.0
SAP.TO,40.01,CAD,46.9,17.22,10,3,2,4,0,1,buy,Consumer Defensive,22.994251,17.009462,2.03
VMC,244.63,USD,321.78262,31.54,23,2,14,7,1,0,buy,Basic Materials,28.881935,22.966589,0.86
CAT,810.79,USD,975.60614,20.33,26,1,14,11,1,1,buy,Industrials,34.90271,25.041897,0.79
TRI.TO,138.48,CAD,179.9867,29.97,8,4,9,5,0,0,buy,Industrials,25.78771,19.169851,2.65
WST,370.76,USD,407.5625,9.93,16,4,12,1,0,0,strong_buy,Healthcare,47.472473,37.138874,0.23
TPR,115.04,USD,166.5,44.73,20,6,11,4,0,1,none,Consumer Cyclical,15.823935,12.926525,1.62
ATD.TO,77.49,CAD,103.01495,32.94,17,5,8,5,0,0,buy,Consumer Cyclical,15.97732,15.180732,1.1
GIB-A.TO,96.75,CAD,120.92308,24.99,13,5,3,6,0,1,none,Technology,12.018633,9.900555,0.71
T,24.4,USD,29.05208,19.07,24,4,12,9,1,0,buy,Communication Services,8.052805,9.48302,4.53
VICI,22.97,USD,31.95833,39.13,24,4,12,9,0,0,buy,Real Estate,8.903101,7.682274,7.93
CCL-B.TO,93.83,CAD,108.1,15.21,10,5,4,1,0,0,none,Consumer Cyclical,20.092077,17.173471,1.53
WFG.TO,98.67,CAD,107.918495,9.37,2,3,2,2,0,0,buy,Basic Materials,,28.52221,1.77
NEE,75.74,USD,98.73684,30.36,19,3,11,6,1,0,buy,Utilities,17.020226,17.23867,3.28
GS,900.36,USD,1127.25,25.2,20,1,6,16,1,1,hold,Financial Services,13.898734,12.285257,2.18
NEM,115.34,USD,137.7381,19.42,21,5,15,2,1,0,buy,Basic Materials,14.544766,11.272985,0.89
WY,19.05,USD,31.0,62.73,11,2,7,3,0,0,none,Real Estate,28.863634,28.328821,4.3
BTE.TO,6.43,CAD,7.91667,23.12,12,2,4,6,0,0,buy,Energy,,16.27848,1.42
PEY.TO,22.86,CAD,27.68182,21.09,11,2,3,6,0,0,buy,Energy,9.564854,10.583333,6.29
AXP,304.1,USD,377.91208,24.27,24,6,9,14,0,0,buy,Financial Services,18.44148,15.071177,1.24
BKNG,162.91,USD,238.08109,46.14,37,6,26,7,0,0,buy,Consumer Cyclical,18.08102,13.172843,1.03
EXPE,263.36,USD,338.83334,28.66,36,0,17,21,1,0,buy,Consumer Cyclical,16.563522,10.764343,0.72
RIVN,14.94,USD,19.30769,29.23,26,5,7,8,3,2,hold,Consumer Cyclical,,-8.5706415,0.0
ODFL,173.84,USD,230.90909,32.83,22,1,9,12,1,1,buy,Industrials,33.43077,26.019356,0.65
WDAY,190.46,USD,208.25974,9.35,38,5,15,19,1,2,buy,Technology,39.108833,14.392828,0.0
SPGI,394.47,USD,520.3,31.9,20,6,17,1,0,0,strong_buy,Financial Services,23.994524,19.509626,0.99
WYNN,79.43,USD,132.005,66.19,20,4,17,0,0,0,strong_buy,Consumer Cyclical,19.047962,15.416297,1.28
KXS.TO,178.5,CAD,214.67796,20.27,10,4,5,1,0,0,none,Technology,41.319443,23.649012,0.0
FDX,285.09,USD,355.14203,24.57,26,4,16,7,1,0,buy,Industrials,15.377022,13.617352,1.7
VEEV,285.45,USD,297.2963,4.15,27,8,12,8,1,0,buy,Healthcare,46.795086,27.847044,0.0
GRMN,286.84,USD,302.0,5.29,6,0,2,4,0,1,hold,Technology,29.601652,25.761742,1.45
MAA,117.74,USD,141.44,20.13,25,2,7,14,1,2,hold,Real Estate,34.4269,35.901047,5.17
MRK,145.31,USD,155.68,7.14,25,5,14,8,0,0,buy,Healthcare,116.248,15.242776,2.28
SMCI,41.07,USD,42.375,3.18,16,2,3,11,2,1,none,Technology,12.59816,7.711344,0.0
FOXA,62.65,USD,76.42222,21.98,18,2,9,7,0,1,buy,Communication Services,16.315105,10.713889,0.93
ITW,257.28,USD,302.07144,17.41,14,1,1,11,3,0,hold,Industrials,23.325476,20.768017,2.58
EFX,137.24,USD,212.14285,54.58,21,6,13,5,0,0,buy,Industrials,24.119509,13.506412,1.59
BEP-UN.TO,40.08,CAD,46.283184,15.48,4,4,5,5,1,1,buy,Utilities,,-15.106406,5.46
ARES,116.17,USD,147.89474,27.31,19,5,7,7,0,0,buy,Financial Services,53.28899,16.155905,4.54
BDT.TO,82.03,CAD,86.5,5.45,8,4,4,0,0,0,strong_buy,Industrials,76.66354,21.28576,1.04
HII,267.07,USD,367.25,37.51,12,1,5,6,0,0,buy,Industrials,15.897025,12.818482,2.13
GWO.TO,89.87,CAD,94.46154,5.11,13,1,5,6,1,0,buy,Financial Services,18.568182,14.143713,2.95
APP,290.43,USD,497.04547,71.14,31,7,20,6,0,0,buy,Communication Services,22.30645,13.842663,0.0
BX,112.09,USD,144.38095,28.81,21,4,9,10,0,0,buy,Financial Services,25.076063,14.975484,4.59
FTNT,178.76,USD,164.31944,-8.08,36,1,8,31,3,1,hold,Technology,63.166077,47.31892,0.0
CTSH,57.44,USD,65.104,13.34,25,3,10,16,0,0,buy,Technology,12.32618,9.071598,2.32
NSC,309.0,USD,363.5,17.64,18,1,4,16,0,0,hold,Industrials,26.387703,21.586231,1.73
QBR-B.TO,60.95,CAD,73.73467,20.98,15,6,5,4,0,0,none,Communication Services,14.938726,12.81841,2.98
OR.TO,48.8,CAD,63.856285,30.85,7,2,1,2,0,0,buy,Basic Materials,23.01887,24.905281,0.75
TRGP,270.31,USD,325.14285,20.29,21,6,15,1,0,0,strong_buy,Energy,25.866985,22.377415,1.83
NG.TO,9.27,CAD,20.94975,126.0,4,4,2,0,0,0,buy,Basic Materials,,-33.425884,0.0
EDR.TO,12.2,CAD,19.3,58.2,5,2,5,1,0,0,strong_buy,Basic Materials,43.571426,7.154376,0.0
FTT.TO,109.04,CAD,122.2,12.07,10,5,5,0,0,0,strong_buy,Industrials,26.086126,20.260126,1.2
IREN,40.88,USD,77.69444,90.05,18,2,13,5,0,0,buy,Financial Services,,-10.264548,0.0
AAV.TO,9.85,CAD,13.79545,40.06,11,4,2,5,0,0,buy,Energy,20.102041,10.944446,0.0
EQIX,1011.58,USD,1234.1936,22.01,31,5,23,6,0,0,strong_buy,Real Estate,65.13715,54.327602,2.03
PXT.TO,26.68,CAD,31.25,17.13,6,0,2,5,0,0,buy,Energy,3.168646,4.5297117,5.77
P,130.78,USD,145.3158,11.11,19,5,13,1,1,0,buy,Technology,179.15068,36.840786,0.0
SOBO.TO,47.14,CAD,52.09152,10.5,15,2,2,3,0,0,buy,Energy,15.108974,17.011007,5.97
MO,67.34,USD,70.0,3.95,11,0,4,8,1,1,none,Consumer Defensive,14.176842,11.48357,6.46
CSGP,27.4,USD,37.3,36.13,20,3,9,8,1,0,buy,Real Estate,152.22221,15.447672,0.0
PNW,93.04,USD,104.35714,12.16,14,1,4,11,0,1,hold,Utilities,17.857965,16.715744,3.9
OTIS,64.32,USD,87.07692,35.38,13,1,5,7,1,0,buy,Industrials,16.534704,14.185554,2.68
EFN.TO,22.65,CAD,40.0,76.6,10,3,5,1,0,0,none,Industrials,21.571428,10.214205,2.67
BEN,32.12,USD,35.5,10.52,12,0,3,7,1,1,hold,Financial Services,21.85034,10.071112,4.04
CNQ.TO,66.93,CAD,72.57143,8.43,21,4,7,11,0,1,buy,Energy,11.909253,12.256468,3.74
PPL,32.89,USD,40.125,22.0,16,4,9,4,0,0,buy,Utilities,19.461538,15.529973,3.5
KEY.TO,51.35,CAD,64.06667,24.76,15,5,7,3,0,0,buy,Energy,33.56209,17.64059,4.43
MG.TO,90.66,CAD,94.61387,4.36,7,3,5,11,1,0,buy,Consumer Cyclical,23.548054,8.182519,3.0
ATO,156.44,USD,185.54546,18.6,11,0,2,12,0,0,hold,Utilities,18.668259,17.34245,2.54
AMCR,41.86,USD,50.17917,19.87,12,1,6,7,0,0,buy,Consumer Cyclical,17.588234,9.608256,6.12
BAC,54.43,USD,68.61905,26.07,21,6,15,3,0,0,strong_buy,Financial Services,12.570439,10.308497,2.33
FFIV,445.18,USD,436.1,-2.04,10,3,2,7,0,1,none,Technology,35.52913,24.627201,0.0
DOV,187.05,USD,242.21053,29.49,19,0,14,4,0,1,buy,Industrials,22.617895,16.071203,1.11
FCX,70.0,USD,72.77273,3.96,22,6,12,4,1,0,buy,Basic Materials,34.313725,16.838459,0.85
WMT,103.92,USD,126.775,21.99,40,10,27,5,0,1,buy,Consumer Defensive,37.652172,32.218758,0.93
AIF.TO,44.16,CAD,53.01667,20.06,6,1,1,4,0,0,none,Real Estate,,13.517981,1.36
MRSH,170.73,USD,206.85715,21.16,21,2,5,15,0,1,hold,Financial Services,20.820732,14.962705,2.32
ROP,349.41,USD,439.42856,25.76,14,0,7,10,1,1,buy,Technology,14.552687,14.332405,1.04
EIX,53.73,USD,66.35714,23.5,14,0,3,11,3,0,hold,Utilities,5.544892,8.262467,6.55
FERG,222.62,USD,287.4762,29.13,21,3,11,8,0,0,buy,Industrials,21.911417,17.761076,1.59
WTW,288.23,USD,378.5263,31.33,19,2,12,7,0,0,buy,Financial Services,17.836016,12.611991,1.33
HWX.TO,13.38,CAD,15.32143,14.51,7,1,0,4,0,0,hold,Energy,17.153847,20.272726,3.62
VLO,387.61,USD,360.3158,-7.04,19,3,6,9,1,1,buy,Energy,16.17738,10.189423,1.24
WCN.TO,219.08,CAD,263.71198,20.37,7,6,18,3,0,0,strong_buy,Industrials,37.449574,24.87367,0.88
HONA,154.97,USD,206.7143,33.39,14,2,4,10,0,0,buy,Industrials,47.246952,17.05467,0.0
PTC,140.3,USD,174.21053,24.17,19,3,10,5,0,1,buy,Technology,13.608148,15.711579,0.0
SOFI,15.72,USD,20.35455,29.48,22,4,5,12,2,2,hold,Financial Services,32.08163,19.077902,0.0
YUM,136.34,USD,173.01817,26.9,22,3,10,13,0,0,buy,Consumer Cyclical,17.23641,19.645306,2.18
VLTO,94.32,USD,114.78571,21.7,14,2,8,6,0,0,buy,Industrials,23.758186,19.773668,0.54
CVS,85.69,USD,116.28,35.7,25,7,18,2,0,0,strong_buy,Healthcare,22.609499,10.047264,3.05
SW,44.1,USD,56.90625,29.04,16,5,12,0,0,0,strong_buy,Consumer Cyclical,46.91489,12.853357,4.08
MAR,355.67,USD,380.8,7.07,25,1,12,13,1,1,none,Consumer Cyclical,36.818844,27.033026,0.81
IBKR,85.42,USD,105.81538,23.88,13,2,7,4,0,1,buy,Financial Services,33.896824,26.783558,0.41
CSX,46.51,USD,53.0596,14.08,23,4,13,6,1,1,buy,Industrials,26.884392,20.451597,1.19
NCLH,14.66,USD,20.2,37.79,25,1,9,17,0,0,buy,Consumer Cyclical,8.884849,8.778496,0.0
ADBE,239.94,USD,275.06375,14.64,32,4,7,23,4,1,hold,Technology,13.396985,8.670458,0.0
CRT-UN.TO,16.96,CAD,18.72222,10.39,9,0,0,9,0,0,hold,Real Estate,8.833333,12.751879,5.78
POW.TO,90.03,CAD,98.88889,9.84,9,3,1,4,0,1,none,Financial Services,22.174877,12.926059,2.92
COHR,287.81,USD,412.52014,43.33,23,4,15,5,0,0,buy,Technology,69.8568,20.491186,0.0
HST,22.39,USD,25.29033,12.95,20,1,11,9,0,0,buy,Real Estate,15.026845,21.210886,3.56
VST,138.35,USD,217.57895,57.27,19,4,15,0,0,1,strong_buy,Utilities,23.330524,13.34702,0.65
LH,308.11,USD,344.8125,11.91,16,2,11,4,0,1,buy,Healthcare,25.526926,15.526505,0.93
OXY,55.32,USD,68.0,22.92,25,2,8,16,0,0,buy,Energy,16.318583,13.765645,2.04
TTWO,207.5,USD,286.4417,38.04,29,3,25,0,0,1,strong_buy,Communication Services,,20.160957,0.0
ENB.TO,66.15,CAD,79.83333,20.69,21,6,8,8,1,0,buy,Energy,25.540543,20.399542,5.86
RCI-B.TO,43.82,CAD,59.30556,35.34,18,8,6,2,1,1,buy,Communication Services,3.8438597,9.090739,4.56
TEL,211.08,USD,248.57895,17.77,19,1,12,6,0,0,buy,Technology,20.694118,16.341484,1.47
X.TO,52.25,CAD,65.42857,25.22,7,3,4,0,0,0,strong_buy,Financial Services,24.07834,19.181068,1.83
OGC.TO,39.19,CAD,60.00868,53.12,11,5,5,1,0,0,buy,Basic Materials,7.3389506,7.7565374,1.07
RCH.TO,36.17,CAD,38.75,7.13,2,0,0,2,0,0,none,Industrials,23.038214,18.901842,1.72
WMB,67.97,USD,85.6087,25.95,23,5,17,2,0,0,strong_buy,Energy,27.079681,26.35528,3.06
DE,671.55,USD,691.8339,3.02,23,5,11,8,0,1,buy,Industrials,37.370617,29.39854,0.95
